Model,MSE,R2 Score
Linear Regression,351.8470321580842,0.8272032264409666
Decision Tree,305.5565086666666,0.8499371203624639
Random Forest,76.64282032343336,0.9623596879953114
